{
  "ABIRoot": {
    "kind": "Root",
    "name": "TopLevel",
    "printedName": "TopLevel",
    "children": [
      {
        "kind": "Import",
        "name": "Foundation",
        "printedName": "Foundation",
        "declKind": "Import",
        "moduleName": "Intercom",
        "declAttributes": [
          "RawDocComment"
        ]
      },
      {
        "kind": "TypeDecl",
        "name": "Intercom",
        "printedName": "Intercom",
        "children": [
          {
            "kind": "TypeDecl",
            "name": "Content",
            "printedName": "Content",
            "children": [
              {
                "kind": "Var",
                "name": "article",
                "printedName": "article",
                "children": [
                  {
                    "kind": "TypeFunc",
                    "name": "Function",
                    "printedName": "(Intercom.Intercom.Content.Type) -> (Swift.String) -> Intercom.Intercom.Content",
                    "children": [
                      {
                        "kind": "TypeFunc",
                        "name": "Function",
                        "printedName": "(Swift.String) -> Intercom.Intercom.Content",
                        "children": [
                          {
                            "kind": "TypeNominal",
                            "name": "Content",
                            "printedName": "Intercom.Intercom.Content",
                            "usr": "s:So8IntercomCAAE7ContentO"
                          },
                          {
                            "kind": "TypeNominal",
                            "name": "Tuple",
                            "printedName": "(id: Swift.String)",
                            "children": [
                              {
                                "kind": "TypeNominal",
                                "name": "String",
                                "printedName": "Swift.String",
                                "usr": "s:SS"
                              }
                            ]
                          }
                        ]
                      },
                      {
                        "kind": "TypeNominal",
                        "name": "Metatype",
                        "printedName": "Intercom.Intercom.Content.Type",
                        "children": [
                          {
                            "kind": "TypeNominal",
                            "name": "Content",
                            "printedName": "Intercom.Intercom.Content",
                            "usr": "s:So8IntercomCAAE7ContentO"
                          }
                        ]
                      }
                    ]
                  }
                ],
                "declKind": "EnumElement",
                "usr": "s:So8IntercomCAAE7ContentO7articleyADSS_tcADmF",
                "mangledName": "$sSo8IntercomCAAE7ContentO7articleyADSS_tcADmF",
                "moduleName": "Intercom"
              },
              {
                "kind": "Var",
                "name": "carousel",
                "printedName": "carousel",
                "children": [
                  {
                    "kind": "TypeFunc",
                    "name": "Function",
                    "printedName": "(Intercom.Intercom.Content.Type) -> (Swift.String) -> Intercom.Intercom.Content",
                    "children": [
                      {
                        "kind": "TypeFunc",
                        "name": "Function",
                        "printedName": "(Swift.String) -> Intercom.Intercom.Content",
                        "children": [
                          {
                            "kind": "TypeNominal",
                            "name": "Content",
                            "printedName": "Intercom.Intercom.Content",
                            "usr": "s:So8IntercomCAAE7ContentO"
                          },
                          {
                            "kind": "TypeNominal",
                            "name": "Tuple",
                            "printedName": "(id: Swift.String)",
                            "children": [
                              {
                                "kind": "TypeNominal",
                                "name": "String",
                                "printedName": "Swift.String",
                                "usr": "s:SS"
                              }
                            ]
                          }
                        ]
                      },
                      {
                        "kind": "TypeNominal",
                        "name": "Metatype",
                        "printedName": "Intercom.Intercom.Content.Type",
                        "children": [
                          {
                            "kind": "TypeNominal",
                            "name": "Content",
                            "printedName": "Intercom.Intercom.Content",
                            "usr": "s:So8IntercomCAAE7ContentO"
                          }
                        ]
                      }
                    ]
                  }
                ],
                "declKind": "EnumElement",
                "usr": "s:So8IntercomCAAE7ContentO8carouselyADSS_tcADmF",
                "mangledName": "$sSo8IntercomCAAE7ContentO8carouselyADSS_tcADmF",
                "moduleName": "Intercom"
              },
              {
                "kind": "Var",
                "name": "survey",
                "printedName": "survey",
                "children": [
                  {
                    "kind": "TypeFunc",
                    "name": "Function",
                    "printedName": "(Intercom.Intercom.Content.Type) -> (Swift.String) -> Intercom.Intercom.Content",
                    "children": [
                      {
                        "kind": "TypeFunc",
                        "name": "Function",
                        "printedName": "(Swift.String) -> Intercom.Intercom.Content",
                        "children": [
                          {
                            "kind": "TypeNominal",
                            "name": "Content",
                            "printedName": "Intercom.Intercom.Content",
                            "usr": "s:So8IntercomCAAE7ContentO"
                          },
                          {
                            "kind": "TypeNominal",
                            "name": "Tuple",
                            "printedName": "(id: Swift.String)",
                            "children": [
                              {
                                "kind": "TypeNominal",
                                "name": "String",
                                "printedName": "Swift.String",
                                "usr": "s:SS"
                              }
                            ]
                          }
                        ]
                      },
                      {
                        "kind": "TypeNominal",
                        "name": "Metatype",
                        "printedName": "Intercom.Intercom.Content.Type",
                        "children": [
                          {
                            "kind": "TypeNominal",
                            "name": "Content",
                            "printedName": "Intercom.Intercom.Content",
                            "usr": "s:So8IntercomCAAE7ContentO"
                          }
                        ]
                      }
                    ]
                  }
                ],
                "declKind": "EnumElement",
                "usr": "s:So8IntercomCAAE7ContentO6surveyyADSS_tcADmF",
                "mangledName": "$sSo8IntercomCAAE7ContentO6surveyyADSS_tcADmF",
                "moduleName": "Intercom"
              },
              {
                "kind": "Var",
                "name": "helpCenterCollections",
                "printedName": "helpCenterCollections",
                "children": [
                  {
                    "kind": "TypeFunc",
                    "name": "Function",
                    "printedName": "(Intercom.Intercom.Content.Type) -> ([Swift.String]) -> Intercom.Intercom.Content",
                    "children": [
                      {
                        "kind": "TypeFunc",
                        "name": "Function",
                        "printedName": "([Swift.String]) -> Intercom.Intercom.Content",
                        "children": [
                          {
                            "kind": "TypeNominal",
                            "name": "Content",
                            "printedName": "Intercom.Intercom.Content",
                            "usr": "s:So8IntercomCAAE7ContentO"
                          },
                          {
                            "kind": "TypeNominal",
                            "name": "Tuple",
                            "printedName": "(ids: [Swift.String])",
                            "children": [
                              {
                                "kind": "TypeNominal",
                                "name": "Array",
                                "printedName": "[Swift.String]",
                                "children": [
                                  {
                                    "kind": "TypeNominal",
                                    "name": "String",
                                    "printedName": "Swift.String",
                                    "usr": "s:SS"
                                  }
                                ],
                                "usr": "s:Sa"
                              }
                            ]
                          }
                        ]
                      },
                      {
                        "kind": "TypeNominal",
                        "name": "Metatype",
                        "printedName": "Intercom.Intercom.Content.Type",
                        "children": [
                          {
                            "kind": "TypeNominal",
                            "name": "Content",
                            "printedName": "Intercom.Intercom.Content",
                            "usr": "s:So8IntercomCAAE7ContentO"
                          }
                        ]
                      }
                    ]
                  }
                ],
                "declKind": "EnumElement",
                "usr": "s:So8IntercomCAAE7ContentO21helpCenterCollectionsyADSaySSG_tcADmF",
                "mangledName": "$sSo8IntercomCAAE7ContentO21helpCenterCollectionsyADSaySSG_tcADmF",
                "moduleName": "Intercom"
              }
            ],
            "declKind": "Enum",
            "usr": "s:So8IntercomCAAE7ContentO",
            "mangledName": "$sSo8IntercomCAAE7ContentO",
            "moduleName": "Intercom",
            "declAttributes": [
              "AccessControl",
              "RawDocComment"
            ],
            "isFromExtension": true
          },
          {
            "kind": "Function",
            "name": "presentContent",
            "printedName": "presentContent(_:)",
            "children": [
              {
                "kind": "TypeNominal",
                "name": "Void",
                "printedName": "()"
              },
              {
                "kind": "TypeNominal",
                "name": "Content",
                "printedName": "Intercom.Intercom.Content",
                "usr": "s:So8IntercomCAAE7ContentO"
              }
            ],
            "declKind": "Func",
            "usr": "s:So8IntercomCAAE14presentContentyyAbAE0C0OFZ",
            "mangledName": "$sSo8IntercomCAAE14presentContentyyAbAE0C0OFZ",
            "moduleName": "Intercom",
            "static": true,
            "declAttributes": [
              "AccessControl",
              "RawDocComment"
            ],
            "isFromExtension": true,
            "funcSelfKind": "NonMutating"
          },
          {
            "kind": "Function",
            "name": "loginUnidentifiedUser",
            "printedName": "loginUnidentifiedUser(completion:)",
            "children": [
              {
                "kind": "TypeNominal",
                "name": "Void",
                "printedName": "()"
              },
              {
                "kind": "TypeNominal",
                "name": "Optional",
                "printedName": "((Swift.Result<(), Swift.Error>) -> ())?",
                "children": [
                  {
                    "kind": "TypeFunc",
                    "name": "Function",
                    "printedName": "(Swift.Result<(), Swift.Error>) -> ()",
                    "children": [
                      {
                        "kind": "TypeNominal",
                        "name": "Void",
                        "printedName": "()"
                      },
                      {
                        "kind": "TypeNominal",
                        "name": "Result",
                        "printedName": "Swift.Result<(), Swift.Error>",
                        "children": [
                          {
                            "kind": "TypeNominal",
                            "name": "Void",
                            "printedName": "()"
                          },
                          {
                            "kind": "TypeNominal",
                            "name": "Error",
                            "printedName": "Swift.Error",
                            "usr": "s:s5ErrorP"
                          }
                        ],
                        "usr": "s:s6ResultO"
                      }
                    ]
                  }
                ],
                "hasDefaultArg": true,
                "usr": "s:Sq"
              }
            ],
            "declKind": "Func",
            "usr": "s:So8IntercomCAAE21loginUnidentifiedUser10completionyys6ResultOyyts5Error_pGcSg_tFZ",
            "mangledName": "$sSo8IntercomCAAE21loginUnidentifiedUser10completionyys6ResultOyyts5Error_pGcSg_tFZ",
            "moduleName": "Intercom",
            "static": true,
            "declAttributes": [
              "AccessControl",
              "RawDocComment"
            ],
            "isFromExtension": true,
            "funcSelfKind": "NonMutating"
          },
          {
            "kind": "Function",
            "name": "loginUser",
            "printedName": "loginUser(with:completion:)",
            "children": [
              {
                "kind": "TypeNominal",
                "name": "Void",
                "printedName": "()"
              },
              {
                "kind": "TypeNominal",
                "name": "ICMUserAttributes",
                "printedName": "Intercom.ICMUserAttributes",
                "usr": "c:objc(cs)ICMUserAttributes"
              },
              {
                "kind": "TypeNominal",
                "name": "Optional",
                "printedName": "((Swift.Result<(), Swift.Error>) -> ())?",
                "children": [
                  {
                    "kind": "TypeFunc",
                    "name": "Function",
                    "printedName": "(Swift.Result<(), Swift.Error>) -> ()",
                    "children": [
                      {
                        "kind": "TypeNominal",
                        "name": "Void",
                        "printedName": "()"
                      },
                      {
                        "kind": "TypeNominal",
                        "name": "Result",
                        "printedName": "Swift.Result<(), Swift.Error>",
                        "children": [
                          {
                            "kind": "TypeNominal",
                            "name": "Void",
                            "printedName": "()"
                          },
                          {
                            "kind": "TypeNominal",
                            "name": "Error",
                            "printedName": "Swift.Error",
                            "usr": "s:s5ErrorP"
                          }
                        ],
                        "usr": "s:s6ResultO"
                      }
                    ]
                  }
                ],
                "hasDefaultArg": true,
                "usr": "s:Sq"
              }
            ],
            "declKind": "Func",
            "usr": "s:So8IntercomCAAE9loginUser4with10completionySo17ICMUserAttributesC_ys6ResultOyyts5Error_pGcSgtFZ",
            "mangledName": "$sSo8IntercomCAAE9loginUser4with10completionySo17ICMUserAttributesC_ys6ResultOyyts5Error_pGcSgtFZ",
            "moduleName": "Intercom",
            "static": true,
            "declAttributes": [
              "AccessControl",
              "RawDocComment"
            ],
            "isFromExtension": true,
            "funcSelfKind": "NonMutating"
          },
          {
            "kind": "Function",
            "name": "updateUser",
            "printedName": "updateUser(with:completion:)",
            "children": [
              {
                "kind": "TypeNominal",
                "name": "Void",
                "printedName": "()"
              },
              {
                "kind": "TypeNominal",
                "name": "ICMUserAttributes",
                "printedName": "Intercom.ICMUserAttributes",
                "usr": "c:objc(cs)ICMUserAttributes"
              },
              {
                "kind": "TypeNominal",
                "name": "Optional",
                "printedName": "((Swift.Result<(), Swift.Error>) -> ())?",
                "children": [
                  {
                    "kind": "TypeFunc",
                    "name": "Function",
                    "printedName": "(Swift.Result<(), Swift.Error>) -> ()",
                    "children": [
                      {
                        "kind": "TypeNominal",
                        "name": "Void",
                        "printedName": "()"
                      },
                      {
                        "kind": "TypeNominal",
                        "name": "Result",
                        "printedName": "Swift.Result<(), Swift.Error>",
                        "children": [
                          {
                            "kind": "TypeNominal",
                            "name": "Void",
                            "printedName": "()"
                          },
                          {
                            "kind": "TypeNominal",
                            "name": "Error",
                            "printedName": "Swift.Error",
                            "usr": "s:s5ErrorP"
                          }
                        ],
                        "usr": "s:s6ResultO"
                      }
                    ]
                  }
                ],
                "hasDefaultArg": true,
                "usr": "s:Sq"
              }
            ],
            "declKind": "Func",
            "usr": "s:So8IntercomCAAE10updateUser4with10completionySo17ICMUserAttributesC_ys6ResultOyyts5Error_pGcSgtFZ",
            "mangledName": "$sSo8IntercomCAAE10updateUser4with10completionySo17ICMUserAttributesC_ys6ResultOyyts5Error_pGcSgtFZ",
            "moduleName": "Intercom",
            "static": true,
            "declAttributes": [
              "AccessControl",
              "RawDocComment"
            ],
            "isFromExtension": true,
            "funcSelfKind": "NonMutating"
          },
          {
            "kind": "Function",
            "name": "fetchHelpCenterCollections",
            "printedName": "fetchHelpCenterCollections(completion:)",
            "children": [
              {
                "kind": "TypeNominal",
                "name": "Void",
                "printedName": "()"
              },
              {
                "kind": "TypeFunc",
                "name": "Function",
                "printedName": "(Swift.Result<[Intercom.HelpCenterCollection], Intercom.ICMHelpCenterDataError>) -> ()",
                "children": [
                  {
                    "kind": "TypeNominal",
                    "name": "Void",
                    "printedName": "()"
                  },
                  {
                    "kind": "TypeNominal",
                    "name": "Result",
                    "printedName": "Swift.Result<[Intercom.HelpCenterCollection], Intercom.ICMHelpCenterDataError>",
                    "children": [
                      {
                        "kind": "TypeNominal",
                        "name": "Array",
                        "printedName": "[Intercom.HelpCenterCollection]",
                        "children": [
                          {
                            "kind": "TypeNominal",
                            "name": "HelpCenterCollection",
                            "printedName": "Intercom.HelpCenterCollection",
                            "usr": "c:objc(cs)ICMHelpCenterCollection"
                          }
                        ],
                        "usr": "s:Sa"
                      },
                      {
                        "kind": "TypeNominal",
                        "name": "ICMHelpCenterDataError",
                        "printedName": "Intercom.ICMHelpCenterDataError",
                        "usr": "s:SC22ICMHelpCenterDataErrorLeV"
                      }
                    ],
                    "usr": "s:s6ResultO"
                  }
                ]
              }
            ],
            "declKind": "Func",
            "usr": "s:So8IntercomCAAE26fetchHelpCenterCollections10completionyys6ResultOySaySo07ICMHelpD10CollectionCGSC0hD9DataErrorLeVGc_tFZ",
            "mangledName": "$sSo8IntercomCAAE26fetchHelpCenterCollections10completionyys6ResultOySaySo07ICMHelpD10CollectionCGSC0hD9DataErrorLeVGc_tFZ",
            "moduleName": "Intercom",
            "static": true,
            "declAttributes": [
              "AccessControl",
              "RawDocComment"
            ],
            "isFromExtension": true,
            "funcSelfKind": "NonMutating"
          },
          {
            "kind": "Function",
            "name": "fetchHelpCenterCollection",
            "printedName": "fetchHelpCenterCollection(_:completion:)",
            "children": [
              {
                "kind": "TypeNominal",
                "name": "Void",
                "printedName": "()"
              },
              {
                "kind": "TypeNominal",
                "name": "String",
                "printedName": "Swift.String",
                "usr": "s:SS"
              },
              {
                "kind": "TypeFunc",
                "name": "Function",
                "printedName": "(Swift.Result<Intercom.HelpCenterCollectionContent, Intercom.ICMHelpCenterDataError>) -> ()",
                "children": [
                  {
                    "kind": "TypeNominal",
                    "name": "Void",
                    "printedName": "()"
                  },
                  {
                    "kind": "TypeNominal",
                    "name": "Result",
                    "printedName": "Swift.Result<Intercom.HelpCenterCollectionContent, Intercom.ICMHelpCenterDataError>",
                    "children": [
                      {
                        "kind": "TypeNominal",
                        "name": "HelpCenterCollectionContent",
                        "printedName": "Intercom.HelpCenterCollectionContent",
                        "usr": "c:objc(cs)ICMHelpCenterCollectionContent"
                      },
                      {
                        "kind": "TypeNominal",
                        "name": "ICMHelpCenterDataError",
                        "printedName": "Intercom.ICMHelpCenterDataError",
                        "usr": "s:SC22ICMHelpCenterDataErrorLeV"
                      }
                    ],
                    "usr": "s:s6ResultO"
                  }
                ]
              }
            ],
            "declKind": "Func",
            "usr": "s:So8IntercomCAAE25fetchHelpCenterCollection_10completionySS_ys6ResultOySo07ICMHelpdE7ContentCSC0hD9DataErrorLeVGctFZ",
            "mangledName": "$sSo8IntercomCAAE25fetchHelpCenterCollection_10completionySS_ys6ResultOySo07ICMHelpdE7ContentCSC0hD9DataErrorLeVGctFZ",
            "moduleName": "Intercom",
            "static": true,
            "declAttributes": [
              "AccessControl",
              "RawDocComment"
            ],
            "isFromExtension": true,
            "funcSelfKind": "NonMutating"
          },
          {
            "kind": "Function",
            "name": "searchHelpCenter",
            "printedName": "searchHelpCenter(_:completion:)",
            "children": [
              {
                "kind": "TypeNominal",
                "name": "Void",
                "printedName": "()"
              },
              {
                "kind": "TypeNominal",
                "name": "String",
                "printedName": "Swift.String",
                "usr": "s:SS"
              },
              {
                "kind": "TypeFunc",
                "name": "Function",
                "printedName": "(Swift.Result<[Intercom.HelpCenterArticleSearchResult], Intercom.ICMHelpCenterDataError>) -> ()",
                "children": [
                  {
                    "kind": "TypeNominal",
                    "name": "Void",
                    "printedName": "()"
                  },
                  {
                    "kind": "TypeNominal",
                    "name": "Result",
                    "printedName": "Swift.Result<[Intercom.HelpCenterArticleSearchResult], Intercom.ICMHelpCenterDataError>",
                    "children": [
                      {
                        "kind": "TypeNominal",
                        "name": "Array",
                        "printedName": "[Intercom.HelpCenterArticleSearchResult]",
                        "children": [
                          {
                            "kind": "TypeNominal",
                            "name": "HelpCenterArticleSearchResult",
                            "printedName": "Intercom.HelpCenterArticleSearchResult",
                            "usr": "c:objc(cs)ICMHelpCenterArticleSearchResult"
                          }
                        ],
                        "usr": "s:Sa"
                      },
                      {
                        "kind": "TypeNominal",
                        "name": "ICMHelpCenterDataError",
                        "printedName": "Intercom.ICMHelpCenterDataError",
                        "usr": "s:SC22ICMHelpCenterDataErrorLeV"
                      }
                    ],
                    "usr": "s:s6ResultO"
                  }
                ]
              }
            ],
            "declKind": "Func",
            "usr": "s:So8IntercomCAAE16searchHelpCenter_10completionySS_ys6ResultOySaySo07ICMHelpd13ArticleSearchF0CGSC0gD9DataErrorLeVGctFZ",
            "mangledName": "$sSo8IntercomCAAE16searchHelpCenter_10completionySS_ys6ResultOySaySo07ICMHelpd13ArticleSearchF0CGSC0gD9DataErrorLeVGctFZ",
            "moduleName": "Intercom",
            "static": true,
            "declAttributes": [
              "AccessControl",
              "RawDocComment"
            ],
            "isFromExtension": true,
            "funcSelfKind": "NonMutating"
          }
        ],
        "declKind": "Class",
        "usr": "c:objc(cs)Intercom",
        "moduleName": "Intercom",
        "isOpen": true,
        "objc_name": "Intercom",
        "declAttributes": [
          "ObjC",
          "Dynamic"
        ],
        "superclassUsr": "c:objc(cs)NSObject",
        "isExternal": true,
        "inheritsConvenienceInitializers": true,
        "superclassNames": [
          "ObjectiveC.NSObject"
        ],
        "conformances": [
          {
            "kind": "Conformance",
            "name": "Equatable",
            "printedName": "Equatable",
            "usr": "s:SQ",
            "mangledName": "$sSQ"
          },
          {
            "kind": "Conformance",
            "name": "Hashable",
            "printedName": "Hashable",
            "usr": "s:SH",
            "mangledName": "$sSH"
          },
          {
            "kind": "Conformance",
            "name": "CVarArg",
            "printedName": "CVarArg",
            "usr": "s:s7CVarArgP",
            "mangledName": "$ss7CVarArgP"
          },
          {
            "kind": "Conformance",
            "name": "_KeyValueCodingAndObservingPublishing",
            "printedName": "_KeyValueCodingAndObservingPublishing",
            "usr": "s:10Foundation37_KeyValueCodingAndObservingPublishingP",
            "mangledName": "$s10Foundation37_KeyValueCodingAndObservingPublishingP"
          },
          {
            "kind": "Conformance",
            "name": "_KeyValueCodingAndObserving",
            "printedName": "_KeyValueCodingAndObserving",
            "usr": "s:10Foundation27_KeyValueCodingAndObservingP",
            "mangledName": "$s10Foundation27_KeyValueCodingAndObservingP"
          },
          {
            "kind": "Conformance",
            "name": "CustomStringConvertible",
            "printedName": "CustomStringConvertible",
            "usr": "s:s23CustomStringConvertibleP",
            "mangledName": "$ss23CustomStringConvertibleP"
          },
          {
            "kind": "Conformance",
            "name": "CustomDebugStringConvertible",
            "printedName": "CustomDebugStringConvertible",
            "usr": "s:s28CustomDebugStringConvertibleP",
            "mangledName": "$ss28CustomDebugStringConvertibleP"
          }
        ]
      }
    ],
    "json_format_version": 8
  },
  "ConstValues": []
}