{
  "images" : [
    {
      "size" : "20x20",
      "idiom" : "iphone",
      "filename" : "final_icon-42.png",
      "scale" : "2x"
    },
    {
      "size" : "20x20",
      "idiom" : "iphone",
      "filename" : "final_icon-20@3x.png",
      "scale" : "3x"
    },
    {
      "size" : "29x29",
      "idiom" : "iphone",
      "filename" : "final_icon-29.png",
      "scale" : "1x"
    },
    {
      "size" : "29x29",
      "idiom" : "iphone",
      "filename" : "final_icon-29@2x.png",
      "scale" : "2x"
    },
    {
      "size" : "29x29",
      "idiom" : "iphone",
      "filename" : "final_icon-29@3x.png",
      "scale" : "3x"
    },
    {
      "size" : "40x40",
      "idiom" : "iphone",
      "filename" : "final_icon-40@2x-1.png",
      "scale" : "2x"
    },
    {
      "size" : "40x40",
      "idiom" : "iphone",
      "filename" : "final_icon-40@3x.png",
      "scale" : "3x"
    },
    {
      "idiom" : "iphone",
      "size" : "57x57",
      "scale" : "1x"
    },
    {
      "idiom" : "iphone",
      "size" : "57x57",
      "scale" : "2x"
    },
    {
      "size" : "60x60",
      "idiom" : "iphone",
      "filename" : "final_icon-60@2x.png",
      "scale" : "2x"
    },
    {
      "size" : "60x60",
      "idiom" : "iphone",
      "filename" : "final_icon-60@3x.png",
      "scale" : "3x"
    },
    {
      "size" : "20x20",
      "idiom" : "ipad",
      "filename" : "final_icon-20.png",
      "scale" : "1x"
    },
    {
      "size" : "20x20",
      "idiom" : "ipad",
      "filename" : "final_icon-43.png",
      "scale" : "2x"
    },
    {
      "size" : "29x29",
      "idiom" : "ipad",
      "filename" : "final_icon-30.png",
      "scale" : "1x"
    },
    {
      "size" : "29x29",
      "idiom" : "ipad",
      "filename" : "final_icon-29@2x-1.png",
      "scale" : "2x"
    },
    {
      "size" : "40x40",
      "idiom" : "ipad",
      "filename" : "final_icon-41.png",
      "scale" : "1x"
    },
    {
      "size" : "40x40",
      "idiom" : "ipad",
      "filename" : "final_icon-40@2x.png",
      "scale" : "2x"
    },
    {
      "idiom" : "ipad",
      "size" : "50x50",
      "scale" : "1x"
    },
    {
      "idiom" : "ipad",
      "size" : "50x50",
      "scale" : "2x"
    },
    {
      "idiom" : "ipad",
      "size" : "72x72",
      "scale" : "1x"
    },
    {
      "idiom" : "ipad",
      "size" : "72x72",
      "scale" : "2x"
    },
    {
      "size" : "76x76",
      "idiom" : "ipad",
      "filename" : "final_icon-76.png",
      "scale" : "1x"
    },
    {
      "size" : "76x76",
      "idiom" : "ipad",
      "filename" : "final_icon-76@2x.png",
      "scale" : "2x"
    },
    {
      "size" : "83.5x83.5",
      "idiom" : "ipad",
      "filename" : "ipad_pro_icon@2x.png",
      "scale" : "2x"
    },
    {
      "size" : "1024x1024",
      "idiom" : "ios-marketing",
      "filename" : "appstore-icon.png",
      "scale" : "1x"
    }
  ],
  "info" : {
    "version" : 1,
    "author" : "xcode"
  }
}