{
  "images" : [
    {
      "filename" : "final_icon-42.png",
      "idiom" : "iphone",
      "scale" : "2x",
      "size" : "20x20"
    },
    {
      "filename" : "final_icon-20@3x.png",
      "idiom" : "iphone",
      "scale" : "3x",
      "size" : "20x20"
    },
    {
      "filename" : "final_icon-29@2x.png",
      "idiom" : "iphone",
      "scale" : "2x",
      "size" : "29x29"
    },
    {
      "filename" : "final_icon-29@3x.png",
      "idiom" : "iphone",
      "scale" : "3x",
      "size" : "29x29"
    },
    {
      "filename" : "final_icon-40@2x-1.png",
      "idiom" : "iphone",
      "scale" : "2x",
      "size" : "40x40"
    },
    {
      "filename" : "final_icon-40@3x.png",
      "idiom" : "iphone",
      "scale" : "3x",
      "size" : "40x40"
    },
    {
      "filename" : "final_icon-60@2x.png",
      "idiom" : "iphone",
      "scale" : "2x",
      "size" : "60x60"
    },
    {
      "filename" : "final_icon-60@3x.png",
      "idiom" : "iphone",
      "scale" : "3x",
      "size" : "60x60"
    },
    {
      "filename" : "final_icon-20.png",
      "idiom" : "ipad",
      "scale" : "1x",
      "size" : "20x20"
    },
    {
      "filename" : "final_icon-43.png",
      "idiom" : "ipad",
      "scale" : "2x",
      "size" : "20x20"
    },
    {
      "filename" : "final_icon-30.png",
      "idiom" : "ipad",
      "scale" : "1x",
      "size" : "29x29"
    },
    {
      "filename" : "final_icon-29@2x-1.png",
      "idiom" : "ipad",
      "scale" : "2x",
      "size" : "29x29"
    },
    {
      "filename" : "final_icon-41.png",
      "idiom" : "ipad",
      "scale" : "1x",
      "size" : "40x40"
    },
    {
      "filename" : "final_icon-40@2x.png",
      "idiom" : "ipad",
      "scale" : "2x",
      "size" : "40x40"
    },
    {
      "filename" : "final_icon-76.png",
      "idiom" : "ipad",
      "scale" : "1x",
      "size" : "76x76"
    },
    {
      "filename" : "final_icon-76@2x.png",
      "idiom" : "ipad",
      "scale" : "2x",
      "size" : "76x76"
    },
    {
      "filename" : "ipad_pro_icon@2x.png",
      "idiom" : "ipad",
      "scale" : "2x",
      "size" : "83.5x83.5"
    },
    {
      "filename" : "appstore-icon.png",
      "idiom" : "ios-marketing",
      "scale" : "1x",
      "size" : "1024x1024"
    },
    {
      "idiom" : "mac",
      "scale" : "1x",
      "size" : "16x16"
    },
    {
      "idiom" : "mac",
      "scale" : "2x",
      "size" : "16x16"
    },
    {
      "idiom" : "mac",
      "scale" : "1x",
      "size" : "32x32"
    },
    {
      "idiom" : "mac",
      "scale" : "2x",
      "size" : "32x32"
    },
    {
      "idiom" : "mac",
      "scale" : "1x",
      "size" : "128x128"
    },
    {
      "idiom" : "mac",
      "scale" : "2x",
      "size" : "128x128"
    },
    {
      "idiom" : "mac",
      "scale" : "1x",
      "size" : "256x256"
    },
    {
      "idiom" : "mac",
      "scale" : "2x",
      "size" : "256x256"
    },
    {
      "idiom" : "mac",
      "scale" : "1x",
      "size" : "512x512"
    },
    {
      "idiom" : "mac",
      "scale" : "2x",
      "size" : "512x512"
    }
  ],
  "info" : {
    "author" : "xcode",
    "version" : 1
  }
}
